Question ID,Actual Question Text,Choices,Predicted Answer,Correct Answer,Predicted == Correct
1,"Question: type bank hold money
Choices: Snowbank., Investment bank., Central bank., None of above.
Answer: Snowbank.

","Snowbank., Investment bank., Central bank., None of above.",Snowbank.,Snowbank.,yes
2,"Question: kind bank keep cash hand
Choices: Snowbank., Investment bank., Central bank., None of above.
Answer: Snowbank.

","Snowbank., Investment bank., Central bank., None of above.",Snowbank.,Snowbank.,yes
3,"Question: kind bank money hand
Choices: Riverbank., Investment bank., Central bank., None of above.
Answer: Riverbank.

","Riverbank., Investment bank., Central bank., None of above.",Riverbank.,Riverbank.,yes
4,"Question: type root ca eaten
Choices: Carrot root., Cabbage root., Square root., None of above.
Answer: Square root.

","Carrot root., Cabbage root., Square root., None of above.",Square root.,Square root.,yes
5,"Question: kind root consum
Choices: Square root., Carrot root., Cabbage root., None of above.
Answer: Square root.

","Square root., Carrot root., Cabbage root., None of above.",Carrot root.,Square root.,no
6,"Question: sort root one eat
Choices: Cube root., Cabbage root., Carrot root., None of above.
Answer: Cube root.

","Cube root., Cabbage root., Carrot root., None of above.",Cube root.,Cube root.,yes
7,"Question: kind mous ca feed chees
Choices: A computer mouse., A hungry mouse., An old mouse., None of above.
Answer: A computer mouse.

","A computer mouse., A hungry mouse., An old mouse., None of above.",A computer mouse.,A computer mouse.,yes
8,"Question: type mous inelig chees feed
Choices: A computer mouse., A hungry mouse., An old mouse., None of above.
Answer: A computer mouse.

","A computer mouse., A hungry mouse., An old mouse., None of above.",A computer mouse.,A computer mouse.,yes
9,"Question: kind mous engin like
Choices: A young mouse., A white mouse., A computer mouse., None of above.
Answer: A computer mouse.

","A young mouse., A white mouse., A computer mouse., None of above.",A computer mouse.,A computer mouse.,yes
10,"Question: kind plant ca photosynthes
Choices: An indoor plant., A house plant, A power plant., None of above.
Answer: A power plant.

","An indoor plant., A house plant, A power plant., None of above.",A power plant.,A power plant.,yes
11,"Question: plant incap photosynthes
Choices: A house plant, A power plant., An indoor plant., None of above.
Answer: A power plant.

","A house plant, A power plant., An indoor plant., None of above.",A power plant.,A power plant.,yes
12,"Question: plant photosyntheszi produc energi
Choices: A wetland plant., A nuclear plant., An aquatic plant., None of above.
Answer: A nuclear plant.

","A wetland plant., A nuclear plant., An aquatic plant., None of above.",A nuclear plant.,A nuclear plant.,yes
13,"Question: kind wood never get chop
Choices: Softwood., Hollywood., Hardwood., None of above.
Answer: Hollywood.

","Softwood., Hollywood., Hardwood., None of above.",Hollywood.,Hollywood.,yes
14,"Question: sort wood never cut
Choices: Hollywood., Hardwood., Softwood., None of above.
Answer: Hollywood.

","Hollywood., Hardwood., Softwood., None of above.",Hardwood.,Hollywood.,no
15,"Question: sort wood never cut
Choices: Hardwood., Sherwood., Softwood., None of above.
Answer: Sherwood.

","Hardwood., Sherwood., Softwood., None of above.",Softwood.,Sherwood.,no
16,"Question: type dish hold food
Choices: A satellite dish., A fish dish., A side dish., None of above.
Answer: A satellite dish.

","A satellite dish., A fish dish., A side dish., None of above.",A satellite dish.,A satellite dish.,yes
17,"Question: kind dish accommod food
Choices: A satellite dish., A fish dish., A side dish., None of above.
Answer: A satellite dish.

","A satellite dish., A fish dish., A side dish., None of above.",A satellite dish.,A satellite dish.,yes
18,"Question: sort dish incap hold food
Choices: Side dish., Petri dish., Fish dish., None of above.
Answer: Petri dish.

","Side dish., Petri dish., Fish dish., None of above.",Petri dish.,Petri dish.,yes
19,"Question: kind bottl ca hold liquid
Choices: A bottle neck., A glass bottle., A water bottle., None of above.
Answer: A bottle neck.

","A bottle neck., A glass bottle., A water bottle., None of above.",A bottle neck.,A bottle neck.,yes
20,"Question: sort bottl incap hold liquid
Choices: A glass bottle., A water bottle., A bottle neck., None of above.
Answer: A bottle neck.

","A glass bottle., A water bottle., A bottle neck., None of above.",A bottle neck.,A bottle neck.,yes
21,"Question: kind bottl smallest
Choices: Soda bottle., Wine bottle., Baby bottle., None of above.
Answer: Baby bottle.

","Soda bottle., Wine bottle., Baby bottle., None of above.",Baby bottle.,Baby bottle.,yes
22,"Question: kind note ca play
Choices: A music note., A footnote., A high note., None of above.
Answer: A footnote.

","A music note., A footnote., A high note., None of above.",A footnote.,A footnote.,yes
23,"Question: sort note imposs play
Choices: A high note., A music note., A footnote., None of above.
Answer: A footnote.

","A high note., A music note., A footnote., None of above.",A footnote.,A footnote.,yes
24,"Question: sort note valuabl
Choices: A music note., A banknote., A high note., None of above.
Answer: A banknote.

","A music note., A banknote., A high note., None of above.",A banknote.,A banknote.,yes
25,"Question: kind watch ca tell time
Choices: A pocket watch., A wristwatch., A watchdog., None of above.
Answer: A watchdog.

","A pocket watch., A wristwatch., A watchdog., None of above.",A watchdog.,A watchdog.,yes
26,"Question: sort watch unabl tell time
Choices: A pocket watch., A wristwatch., A watchdog., None of above.
Answer: A watchdog.

","A pocket watch., A wristwatch., A watchdog., None of above.",A watchdog.,A watchdog.,yes
27,"Question: kind watch work night
Choices: Stopwatch., Nightwatch., Wristwatch., None of above.
Answer: Nightwatch.

","Stopwatch., Nightwatch., Wristwatch., None of above.",Nightwatch.,Nightwatch.,yes
28,"Question: type pump inflat anyth
Choices: Bicycle pump., Pumpkin., Air pump., None of above.
Answer: Pumpkin.

","Bicycle pump., Pumpkin., Air pump., None of above.",Pumpkin.,Pumpkin.,yes
29,"Question: kind pump incap inflat anyth
Choices: Bicycle pump., Air pump., Pumpkin., None of above.
Answer: Pumpkin.

","Bicycle pump., Air pump., Pumpkin., None of above.",Pumpkin.,Pumpkin.,yes
30,"Question: type pan help cook
Choices: Saucepan., Frying pan., Company., None of above.
Answer: Company.

","Saucepan., Frying pan., Company., None of above.",Company.,Company.,yes
31,"Question: type ink never leav stain
Choices: Link., Blue ink., Red ink., None of above.
Answer: Link.

","Link., Blue ink., Red ink., None of above.",Link.,Link.,yes
32,"Question: kind ink leav stain behind
Choices: Link., Red ink., Blue ink., None of above.
Answer: Link.

","Link., Red ink., Blue ink., None of above.",Link.,Link.,yes
33,"Question: type ball ca thrown kick
Choices: Eyeball., Baseball., Football., None of above.
Answer: Eyeball.

","Eyeball., Baseball., Football., None of above.",Baseball.,Eyeball.,no
34,"Question: type art hang galleri
Choices: Contemporary art., Fine art., Tart., None of above.
Answer: Tart.

","Contemporary art., Fine art., Tart., None of above.",Tart.,Tart.,yes
35,"Question: kind artwork display galleri
Choices: Fine art., Contemporary art., Tart., None of above.
Answer: Tart.

","Fine art., Contemporary art., Tart., None of above.",Tart.,Tart.,yes
36,"Question: kind man ca walk talk
Choices: A business man., A snowman., A fireman., None of above.
Answer: A snowman.

","A business man., A snowman., A fireman., None of above.",A snowman.,A snowman.,yes
37,"Question: kind bell make sound
Choices: A doorbell., A cowbell., A dumbbell., None of above.
Answer: A dumbbell.

","A doorbell., A cowbell., A dumbbell., None of above.",A dumbbell.,A dumbbell.,yes
38,"Question: sort bell ring
Choices: A dumbbell., A doorbell., A cowbell., None of above.
Answer: A dumbbell.

","A dumbbell., A doorbell., A cowbell., None of above.",A dumbbell.,A dumbbell.,yes
39,"Question: kind stone ca found quarri
Choices: Cobblestone., Sandstone., Milestone., None of above.
Answer: Milestone.

","Cobblestone., Sandstone., Milestone., None of above.",Sandstone.,Milestone.,no
40,"Question: type ice never melt
Choices: Dice., Flaked ice., Glacier ice., None of above.
Answer: Dice.

","Dice., Flaked ice., Glacier ice., None of above.",Dice.,Dice.,yes
41,"Question: kind ice melt
Choices: Glacier ice., Dice., Flaked ice., None of above.
Answer: Dice.

","Glacier ice., Dice., Flaked ice., None of above.",Dice.,Dice.,yes
42,"Question: kind ice contain water
Choices: Flaked ice., Dry ice., Glacier ice., None of above.
Answer: Dry ice.

","Flaked ice., Dry ice., Glacier ice., None of above.",Flaked ice.,Dry ice.,no
